User;Password;PasswordLastUpdateinDaysAgo
James Smith;Kx7m2Rq9Lp4z8;5
Olivia Johnson;7vT3kP9wQ1zR6;120
William Brown;a1b2c3d4e5;50
Emily Davis;h8Gt5Ws2Yn7Fb3;51
Henry Wilson;Hw4k9Tz3;12
Charlotte Taylor;brightMoon2024;20
George Clark;XyZ9087651234;30
Sophie Walker;Qwerty98765Zx;8
Thomas Wright;thomas55667788;15
Grace Hughes;Brown12345xyz;40
Oliver Harris;adminpassword12345;70
Amelia Scott;abc;200
Jack Turner;90817263541;25
Lucy Morgan;sunshinerainbow;3
Daniel Cooper;K9#m2$Lp7!x4&Q8;0
Hannah Bennett;;10
Samuel Price;Zr8Ty3Mn6Vb1Kq5;unknown
James Carter;Pa55w0rd2024!;90